Gender,Locality,Income,College,SSLC,PlusTwo,Degree
1,0,2,1,76.61,84.94,88.94
0,1,1,1,81.36,85.48,82.32
1,1,3,1,73.57,88.9,79.27
0,1,1,1,80.86,88.36,88.33
0,1,0,1,93.42,88.95,89.5
0,1,3,1,95.02,82.05,88.75
1,0,3,1,63.58,89.14,91.22
0,0,2,1,73.34,86.52,80.7
0,1,0,1,69.03,77.58,90.16
0,0,2,1,67.16,85.46,86.76
1,1,2,1,72.28,82.83,86.95
1,1,2,1,95.3,86.83,90.1
1,1,0,1,86.61,84.89,89.85
1,1,1,1,69.78,90.47,87.3
1,1,3,1,66.91,89.2,85.34
1,0,3,1,80.6,80.15,83.89
1,1,1,1,90.49,83.84,84.63
1,0,3,1,74.25,93.06,87.48
1,0,2,1,87.73,90.46,86.85
0,0,1,1,61.38,77.43,86.75
1,1,2,1,76.62,85.63,89.1
1,1,2,1,98.58,84.56,90.31
1,1,3,1,79.55,80.23,86.75
1,1,0,1,76.07,90.44,87.43
1,1,2,1,69.77,88.22,85.47
1,1,2,1,84.62,88.59,82.9
1,1,1,1,77.78,89.68,86.01
1,0,2,1,71.45,88.32,91.16
0,1,1,1,81.97,85.75,89.98
0,1,2,1,76.28,83.8,85.03
0,1,2,1,79.83,83.99,87.49
1,0,0,1,90.46,83.51,88.57
1,0,0,1,65.92,87.2,86.17
1,1,1,1,68.29,96.07,87.61
1,1,0,1,82.34,89.05,83.25
1,0,3,1,71.65,92.51,86.22
1,1,1,1,85.17,78.42,85.59
1,1,2,1,93.39,78.62,88.32
1,1,0,1,60.69,82.94,82.83
1,0,3,1,81.88,91.26,89.48
1,1,3,1,96.06,80.06,86.43
1,0,1,1,81.87,85.5,83.55
1,1,1,1,84.18,88.35,86.81
0,1,2,1,68.17,91.65,87.24
1,0,2,1,83.79,88.13,88.8
1,1,1,1,88.13,79.48,80.02
0,0,1,1,78.93,85.4,81.56
1,0,2,1,86.6,89.18,87.96
1,1,3,1,94.43,84.42,88.06
0,1,3,1,86.47,79.73,87.02
1,1,0,1,94.43,88.18,81.63
1,0,2,1,73.63,92.18,87.32
1,0,2,1,72.06,92.66,85.72
0,0,0,1,70.35,86.71,82.49
0,1,1,1,97.96,81.94,92.68
1,0,0,1,71.43,79.13,89.46
1,0,2,1,72.37,85.85,87.85
0,0,1,1,62.83,87.48,88.29
1,0,0,1,76.58,86.67,90.57
1,1,3,1,88.25,93.02,84.34
1,0,3,1,90.3,91.69,91.6
1,1,2,1,67.88,85.23,82.07
0,1,3,1,73.95,86.63,85.15
0,1,2,1,73.01,81.24,89.5
0,1,3,1,93.65,88.07,87.84
1,1,2,1,75.64,90.51,81.65
0,1,1,1,61.45,82.03,87.22
1,1,1,1,83.7,84.49,88.55
1,0,2,1,73.65,90.86,89.91
1,0,3,1,85.26,95.24,86.87
0,1,3,1,99.64,82.07,89.16
0,1,2,1,79.52,87.64,84.04
0,0,1,1,77.2,86.36,87.01
0,0,3,1,81.21,86.62,83.48
0,1,3,1,74.48,89.6,89.98
1,0,1,1,76.59,85.66,87.0
0,1,2,1,75.82,84.45,88.86
1,1,2,1,77.36,97.22,84.61
0,1,1,1,84.78,82.59,90.65
0,1,3,1,94.27,81.8,85.31
1,1,1,1,92.37,89.59,87.02
1,0,2,1,89.22,87.25,89.31
0,0,3,1,87.65,82.83,88.43
1,0,3,1,88.2,84.32,98.36
1,0,3,1,78.06,90.73,84.14
1,1,0,1,73.49,82.79,84.7
1,1,3,1,71.55,82.16,87.51
1,1,0,1,69.57,84.65,89.46
1,1,1,1,61.37,91.77,87.78
0,1,2,2,75.91,87.14,92.36
0,0,2,2,91.68,86.11,87.03
1,1,0,2,92.83,91.3,84.19
1,1,2,2,88.79,82.11,87.15
1,0,3,2,78.6,82.23,90.16
1,1,3,2,69.32,96.51,86.18
1,1,0,2,80.36,92.8,82.59
0,1,2,2,96.53,88.66,82.19
0,0,2,2,94.17,87.66,90.63
1,1,0,2,85.68,77.06,86.08
0,1,2,2,78.77,88.05,86.6
0,1,0,2,90.78,79.63,89.8
1,1,0,2,79.31,92.36,83.53
0,0,0,2,68.6,78.0,89.97
1,1,0,2,84.18,87.78,86.96
1,0,3,2,76.29,94.45,87.01
1,1,1,2,95.36,84.76,83.93
0,1,2,2,82.28,83.77,87.43
1,0,2,2,64.18,76.74,91.23
1,0,3,2,69.06,83.44,84.01
1,1,2,2,84.27,97.05,87.83
0,1,2,2,95.2,92.36,86.24
1,0,0,2,82.54,84.79,82.71
0,0,2,2,73.86,86.18,89.53
0,0,3,2,98.73,86.63,89.66
1,0,0,2,70.06,79.55,84.99
1,1,0,2,71.95,82.74,84.63
1,0,2,2,77.64,87.63,83.35
0,1,0,2,73.74,88.52,85.04
1,1,1,2,73.85,89.41,80.84
1,1,2,2,85.4,92.7,89.43
1,1,0,2,88.57,89.51,86.7
1,1,1,2,87.71,95.24,86.91
1,1,1,2,78.25,88.45,83.78
1,1,1,2,87.09,86.73,85.0
1,0,3,2,77.96,92.78,87.8
1,1,0,2,94.4,85.0,90.47
1,0,2,2,79.52,84.22,87.71
0,1,1,2,82.27,84.78,86.13
1,0,2,2,78.31,90.79,84.0
1,1,2,2,66.13,76.96,85.94
1,1,0,2,79.21,82.13,84.91
1,0,2,2,86.54,84.32,77.44
1,0,0,2,60.47,90.22,89.43
1,1,2,2,68.57,86.55,83.36
1,1,0,2,77.24,86.31,80.29
0,1,3,2,81.17,90.6,90.5
1,1,0,2,75.26,83.48,83.81
1,1,1,2,94.87,86.87,84.21
1,1,3,2,92.31,87.62,91.24
0,0,0,2,78.42,82.69,83.72
0,1,2,2,74.76,82.84,84.68
1,1,3,2,60.1,79.85,84.6
1,1,0,2,88.9,83.33,87.16
0,0,2,2,79.87,82.31,84.01
1,1,3,2,79.5,81.0,83.94
1,0,2,2,68.3,94.65,82.65
0,0,3,2,79.94,90.0,87.44
1,0,3,2,91.19,80.1,89.08
1,1,0,2,66.21,80.68,83.86
0,1,3,2,68.2,87.63,84.71
1,1,2,2,78.61,82.24,87.83
1,0,3,2,70.1,84.34,90.87
1,1,3,2,89.71,78.02,89.39
0,0,3,2,77.88,81.92,87.43
1,0,2,2,70.12,83.93,85.53
1,1,2,2,79.98,82.49,89.34
1,0,3,2,87.03,85.61,82.47
1,1,0,2,70.43,90.61,89.88
1,0,3,2,86.7,90.03,86.18
0,0,2,2,95.53,89.4,85.63
0,0,2,2,89.51,84.97,89.41
1,0,3,2,81.9,93.7,81.95
1,0,3,2,78.09,84.22,85.36
1,0,0,2,71.43,89.07,87.34
1,1,1,2,88.48,90.2,86.92
0,1,1,2,80.93,84.04,91.35
1,0,0,2,83.06,77.3,83.84
1,1,1,2,84.57,84.32,87.06
1,1,1,2,80.71,87.36,88.73
0,1,2,2,83.06,87.55,88.39
0,1,0,2,69.41,83.94,88.76
1,1,0,2,85.45,67.5,87.29
1,0,3,2,71.03,82.86,85.76
1,1,0,2,75.03,81.44,82.23
1,0,1,2,76.34,87.82,90.74
1,0,0,2,87.76,83.59,89.83
1,1,3,2,78.8,81.28,84.5
1,0,2,2,82.03,81.55,88.85
0,0,0,2,76.0,80.07,89.36
1,0,2,2,69.97,90.5,87.22
1,0,1,2,95.63,82.9,84.14
1,0,2,2,79.84,94.22,82.18
1,1,0,2,78.21,94.15,88.7
1,1,3,2,86.17,93.03,86.48
1,0,2,2,84.46,75.27,86.55
1,0,0,2,73.85,90.38,86.47
1,1,3,2,78.75,81.98,85.88
1,0,1,2,70.86,87.2,88.09
1,0,2,2,98.39,79.66,85.41
1,1,1,2,85.49,86.72,88.07
1,1,0,2,79.41,89.96,84.72
0,1,1,2,61.51,91.11,91.12
1,0,0,2,95.28,74.07,86.78
1,1,2,2,75.68,85.28,92.22
1,0,3,2,73.22,79.91,87.77
1,1,1,2,84.21,72.48,87.22
0,0,3,2,81.42,90.42,87.5
1,0,0,2,81.85,85.93,84.6
1,1,2,2,77.62,80.51,91.46
1,0,2,2,81.66,83.56,85.03
1,0,0,2,95.69,82.34,89.1
0,1,2,2,79.46,85.65,80.0
1,0,1,2,81.85,86.22,84.53
1,0,2,2,79.53,80.44,86.84
1,1,0,2,97.65,85.18,86.45
0,1,1,2,97.88,85.39,87.6
0,1,1,2,85.28,86.87,87.89
1,0,1,2,80.95,91.25,91.27
1,1,3,2,77.89,83.25,93.29
1,1,2,2,78.44,78.18,84.55
1,1,1,3,96.07,83.68,91.33
1,0,0,3,78.59,87.94,83.28
1,1,2,3,72.24,74.21,87.84
1,1,1,3,73.3,87.24,90.05
0,0,1,3,82.0,82.62,86.31
0,0,2,3,74.87,75.52,91.02
1,1,0,3,81.58,80.18,87.11
0,1,3,3,86.88,84.58,86.1
1,0,1,3,97.68,85.45,87.94
1,1,3,3,81.7,81.26,84.13
1,0,2,3,86.24,78.53,91.28
1,0,3,3,81.0,81.32,87.5
1,1,3,3,92.37,89.31,89.82
0,1,3,3,84.78,81.31,85.96
1,0,3,3,89.76,85.22,87.64
1,0,1,3,91.12,84.28,85.56
1,0,2,3,74.04,86.58,88.52
1,0,3,3,74.17,84.64,83.84
1,0,2,3,72.46,79.65,88.41
0,1,2,3,78.01,77.18,87.92
1,0,2,3,83.06,91.46,87.66
1,1,2,3,89.7,83.6,84.25
0,1,2,3,81.33,84.71,88.12
1,1,0,3,83.28,77.86,87.04
1,1,2,3,68.99,77.74,86.53
1,0,1,3,76.55,73.59,88.23
1,0,0,3,74.8,92.03,91.06
1,0,0,3,76.49,85.55,88.85
0,1,1,3,81.33,78.18,84.48
0,0,0,3,87.67,82.02,88.42
1,1,2,3,56.37,82.55,89.61
1,1,3,3,84.48,80.38,86.15
0,1,2,3,75.09,87.7,85.62
1,0,1,3,93.76,90.55,92.47
1,0,2,3,75.39,90.99,81.02
1,1,2,3,89.64,81.31,88.15
1,1,3,3,89.03,80.77,91.96
0,1,2,3,85.1,84.59,82.34
0,1,0,3,87.17,98.81,88.09
1,1,3,3,69.28,86.72,84.68
1,0,1,3,86.31,86.0,85.78
1,0,3,3,82.6,82.93,84.9
1,0,0,3,66.92,72.81,91.12
1,1,0,3,88.63,85.82,86.32
1,1,1,3,64.21,87.19,85.01
0,1,3,3,79.19,77.58,91.76
1,1,2,3,82.04,88.9,87.84
1,1,0,3,72.52,89.25,82.72
0,1,3,3,79.4,90.62,81.64
1,1,0,3,82.95,81.49,86.94
1,0,3,3,79.54,71.63,84.29
0,1,2,3,77.07,86.73,86.47
1,0,2,3,67.2,88.64,87.5
1,0,2,3,75.27,94.53,89.31
1,1,2,3,95.91,88.2,90.49
0,0,2,3,75.37,84.16,91.24
1,0,2,3,93.22,76.95,89.13
0,1,3,3,70.97,83.91,90.27
1,0,2,3,83.77,83.87,86.23
1,0,2,3,67.04,85.46,86.59
0,1,0,3,96.94,80.81,89.48
1,1,0,3,90.88,82.69,89.94
1,0,2,3,50.46,86.56,84.56
1,1,2,3,81.59,88.15,88.83
